cpse_code,description,uom,category
CPSE_C-10001,"MAT: BALL VALVE 2"" CL150 SS316 FLGD [REF: 10001]",EA,MECHANICAL
CPSE_C-10002,MAT: VLV BALL 50MM 150# STAINLESS 316 FLG [REF: 10002],EA,MECHANICAL
CPSE_C-10003,"MAT: VALVE, BALL, DN50, CLASS 150, SS316, FLANGED ENDS [REF: 10003]",EA,MECHANICAL
CPSE_C-10004,MAT: GATE VLV 4 INCH 300# A216 WCB BUTT WELD [REF: 10004],EA,MECHANICAL
CPSE_C-10005,MAT: VLV GATE 100MM CL300 CS BW [REF: 10005],EA,MECHANICAL
CPSE_C-10006,MAT: GLOBE VALVE 3IN CL600 SS304 SW [REF: 10006],EA,MECHANICAL
CPSE_C-10007,MAT: VLV GLOBE 80MM 600# STAINLESS STEEL 304 SOCKET WELD [REF: 10007],EA,MECHANICAL
CPSE_C-10008,"MAT: CHECK VALVE 6"" CL150 CAST IRON FLANGED [REF: 10008]",EA,MECHANICAL
CPSE_C-10009,MAT: BUTTERFLY VALVE 8 INCH PN16 CS WAFER [REF: 10009],EA,MECHANICAL
CPSE_C-10010,"MAT: PIPE SEAMLESS 4"" SCH40 A106B [REF: 10010]",EA,MECHANICAL
CPSE_C-10011,MAT: CS PIPE SMLS 100MM SCHEDULE 40 ASTM A106 GR B 6M [REF: 10011],EA,MECHANICAL
CPSE_C-10012,MAT: PIPE ERW 6 INCH SCH80 SS316L [REF: 10012],EA,MECHANICAL
CPSE_C-10013,MAT: DEEP GROOVE BALL BEARING 25MM BORE 6205-2RS [REF: 10013],EA,MECHANICAL
CPSE_C-10014,MAT: BEARING 6205 2RS SKF 25X52X15 [REF: 10014],EA,MECHANICAL
CPSE_C-10015,MAT: TAPERED ROLLER BEARING 50MM BORE 32210 [REF: 10015],EA,MECHANICAL
